text_stemmed,label_otomatis
sistem raw pakai google pixel sejak lama,Negatif
motorola pro raw segmen jtan,Netral
beda apple log apa lebih bagus apple log,Negatif
pakai ada dulu mau beli sayang duit malah jatuh lebih sama fitur fitur kadang enggak kepake wkwk,Positif
banyak guna ipon cuma pakai pamer doang buat tenteng tangankana miskin fitur,Negatif
iphone saat turun harga,Positif
keren poco pro,Netral
jadi lebih baik mana beli kamera apa beli iphone,Positif
tonton konten pakai iphone promax,Negatif
handphone burik sama pura ultra langit bumi penyepong ipon batu banget memang,Positif
banyak tempat bawa kamera dslr hobi larang dimintain uang bawa iphone bebas,Negatif
iphone noob,Netral
guna iphone guna mode standard jepret posting kalau edit banyak foto bukan foto raw,Negatif
fitur baru bunglon ubah warna,Netral
urus videografi iphone lawan gue gunain pro bahan game galaxy ultra handphone hari foto handphone jujur luar konteks kamera ennnnakk banget dipakenya tier gue,Positif
user vivo kali pro handphone utama iphone handphone dompet jujur ane lebih tunggu vivo kali pro release indonesia ganti iphone soal series biasa kurang greget,Negatif
berapa kali erwin lut,Netral
beberapa fan android sini panas,Positif
raw handphone aku xiaomi enggak paham buat apa jelas sini baru tahu kok iphone punya terus xiaomi aku ditulid raw edit langsung filter,Positif
mantap gua tunggu tunggu lu,Netral
centre stage kamera depan enggak bahas,Negatif
mirrorless kalah apa tahi wkwkwkw,Negatif
android lama format raw wkwkw,Negatif
kebnyakan bacot,Positif
cari warna silver susah banget jadi ambil deep blue,Negatif
jelas pakai mr beast fitur,Positif
bahas indak filter iphone dong ragu mau beli indak filter iphone pro merk apa,Negatif
masalah isu panas pro benar gampang panas lalu pro vapor chamber sengaruh,Negatif
proresan bit logbit linear stop baru deh joss,Positif
bro iphone makin lama makin mirip transformer anjir ngomong coba main bbcad cuan parah,Netral
anjir desain memang keren fitur baru kayak gimmick doang yuk tonton gas bbcad cuan bareng,Negatif
tiba fuji launching xt mark lensa mm dong bahas,Positif
please review seri air,Negatif
fitur gimmick orang gila mana beli handphone mahal cuma coba prores enggak jelas mending sekali beli kamera,Negatif
bahas pernah perlu pakai filter videography iphone,Positif
opengate main anamorphic lens,Positif
jatohnya banyak fitur kamera mubazir series,Negatif
kalau fokus performa foto jauh lebih worth mirrorless memang bukan umat dang mending wkwk,Negatif
tonton iphone plus tahun depan ganti lah,Negatif
iphone bawa vivo kali oppo find kali iphone sekarang kamera enggak bagus handphone china biasa kemarin beli iphone pro max pas banding vivo kali pro kecewa sekali nyata jauh sekali sama kali find kali gawat darurat deh bahan jelek cuk lecet,Negatif
coba coba genlock kata penyepong iphone,Negatif
mirrorless kalah bakal pikir kalau masa depan kamera handphone makin canggih semua kamera dedicated bakal punah sama sekali,Negatif
mobile kontent kreator cuman up medosos kasi hdr senang banget iphone kasi se abrek sama iphone guna enggak puyeng iya,Positif
enggak butuh pixel tinggi enggak butuh codec baru butuh dimensi aperture benar buah kamera hp,Positif
pengin coba apple log seri base model coba install aplikasi cema p,Negatif
mm viltrox fe pro,Netral
coba bahas pro apa makin murah,Positif
game makin keren handphone makin canggih sayang jaring enggak indonesia masuk besar lot,Netral
compare sama ultra cameranya detail detail,Positif
handphone juta an sekarang rekam raw bahoan rekam log profile,Positif
videografer minimal rekam bit mending beli iphone pro max apa kamera mirrorless macam sony zveii fuji xm,Negatif
kamera smartphone depan bakal saing kualitas slrmirrorless ingat handphone tipis compact sdngkan lensa gede butuhin bodi gede,Positif
review vivo kali pro oppo find kali pro lebih bagus iphone pro pengin banget estechmedia buat compare profesional user smartphone jauh mana smartphone fotografivideografi sekarang excited banget banyak hasil jepret gelenggeleng smartphone android,Positif
rilis format apple prores populer iphone pro max ubah fitur asa propro max record ssd upgrade propromax fps jadi format produksi serius platform medsos gantung ada baik head head alat produksi iphone pro vs fujifilm xs lensa viltrox seri air kalau kejar depth of field toleran stabilitas xs lensa viltrox air kalau kejar format lebih banyak lebih mobile butuh stabil lebih iphone proiphone pro,Negatif
untung iphone bawa redraw jadi mirrorless unggul,Positif
tunggu,Positif
pertama,Netral
timestamp iphone series pajak unboxing iphone ijo mahal suka sage aksesoris cakep buat iphone akhir hz ios begini doang hepi vs iphone bezel lebih tipis kamera selfie bagus material sampel foto iphone pro orangenya desain tom jerry casing salah paham kamera versus iphone pro,Positif
charger iphone pakai apa worth,Negatif
singapore iphone pro max gb lebih dikit aku takut bawa balik indonesia entar kena pajak mahal mau tb pro gb,Negatif
iphone pro warna orange terinvirasi warna pabrikan motor ktm tim orange mantap warna enggak habis iphone pro pakai warna orange nice,Negatif
vibesnya kayak rampok wlwkw,Negatif
iklan doang,Positif
justru bagus warna pro,Positif
kapan oi reviewnya,Netral
kapan oi reviewnya,Netral
warna jackmania banget,Positif
kapan review,Netral
ku iphone bagus kamera jernihzoom bagus pas kakak coba vidio enggak edit filtur sedikit jernih kamera,Positif
paling senang lihat hijau sage,Positif
bismillah moga tahun depan upgrade handphone iphone pro amin,Positif
bukan cuma lihat warna rada gengges pertama kali pilih varian iphone langsung kepincut iphone base segi design simple elegan lumayan handy pilih warna kalem enggak gonjreng,Negatif
biru hijau,Positif
mana reviewnya,Netral
kapan review iphone base model pertimbangin iphone gb vs iphone gb,Positif
cara beli second handphone gadget bagaimana,Positif
tunggu review lengkap kok iphone kok enggak nongol apa cuma,Negatif
mending basic pro,Positif
soal foto kalau aku amat misal perpindahal contoh ngeblur dikit kalau jernih kalau kaya coba alih contoh kaya muter lensa lah paham enggak lah pokok,Negatif
bahas topik security handphone buat antisipasi handphone maling per brand,Positif
aku suakaaku tetap pro,Positif
kak unboxing laptop advance dong,Netral
coba iphone promax vc iphone promax,Positif
selamat buat iri,Negatif
sama huawei bgz mana banding,Positif
kak bagus recommend mana pro te basic kak,Positif
pajak tara handphone bagus,Negatif
rekomendssi handphone jta zampe flagship,Netral
rekomendssi handphone jta zampe flagship,Netral
rekomendssi handphone jta zampe flagship,Netral
rekomendssi handphone jta zampe flagship,Netral
setia oppo a bukan enggak mau upgrade pengin marahmarah tiap hari handphone main game dls berat etusbol,Negatif
pro belakang kayak handphone main,Negatif
langsung batal beli gue habis lihat review iphone pro hasil foto burik nyata,Positif
aku diang foto iphone pro kuning,Negatif
review handphone nyebut hijau sage,Negatif
gue coba up pro asli kamera lebih lebih detail sepertinyg review pro kayak kena filter lebih halus warna layar lebih kuning banding,Negatif
kok iphone worthid beli tahun mana,Positif
mudah mudah beli,Positif
gila pajak ipon unitjt lebihx ribu unitnjirr kayak pejabatbabu rakyat,Negatif
jangan hijau miskin tym,Negatif
poco kali pro max,Netral
cek nubia redmagic pro,Negatif
review infinix xpad pro donggg,Netral
jarang youtuber omong doang berani,Negatif
setting camera preserve dinyalain semua defaultnya kan mp jadi set mp misal default setting sama kayak lah soal default settingnya optimalisasi storage enggak terlalu boros size filenya,Negatif
kls kapan beli aku,Positif
motor trail ktm orange matching,Netral
kurang suka sama warna pm its okay tutup case alhamdulillah minggu depan iphone pm aku datang hadiah diri,Negatif
review khusus,Netral
iohone desa mewah elegean kayak aku malu deh pegang iphone soal kayak bukan hape poco poco hape xiaomi entry oevel,Negatif
aaaaaa baru beli pro gamon sama basic sempat galau pilih please yakinin buat ngonser worth pro kan,Negatif
tonton pakai iphone moga tonton pakai iphone pro max amin,Negatif
kayak poco,Negatif
pengin warna oranye iphone jelek enggak enak bilang,Negatif
kayak handphone china enggak,Negatif
wah reviewnya jujur banget dompet langsung getar pengin beli,Positif
tonton pakai android,Negatif
jadi mending iphone apa bingung,Negatif
satuu,Netral
rivew kan dong kamerah vidio handphone realmi pro game of throne kan waktu abang revew kemarin kamerah vidionya abang sevilkan,Positif
dulu pakai iphone ejek teman pas juli langsung ganti smsung ultra,Netral
enggak jadi beli ah,Netral
plusxrpro last lah paling mantap capek banget ikut iphone anjing,Negatif
lihat riview iphone promax nontonnya pakai iphone promax,Positif
googling arti sage nyata tanam obat herbal nice,Positif
model jadi norak bagus model lama,Positif
jadi rasa teknologi,Negatif
pro android habis hujat,Negatif
handphone cina,Netral
tunggu review ipadnya jugaaaa,Positif
iphone pro kayak hape poco murah desain belakang,Negatif
relate banget anjir warna ijo tembok orang miskin,Negatif
luncur langsung beli,Positif
warna enggak suka sekali,Negatif
kasiann orang miskin senyum lihat,Negatif
bismillah tahun depan,Positif
senang banget jadi kamu rejekinya lancar sehat selalubeda usaha kuat mungkin jadi tkw padahal orang istri doain rejekinya sama kayak abang sehat selalu,Positif
handphone poco pro,Netral
ijo en lu,Netral
pasar paksa terima desain iphone sekarang enggak sih moga nasib enggak jadi kaya brand suzuki kualitas bagus desain aneh,Positif
ku mikir soal warna mulai i phone plus plus pro sekarang pro pengin up pro kalau sama warna putih deh biasa mau oren kok jlk betul kata hai unik,Negatif
hz iphone hz android,Netral
banding sama bungkus kacang,Positif
info bangkalau adaptor gue dynamic power adapter with gue enggak ibox deler lai beli web apple bagaimana cara yasdh tak coba mentok alamatmungkin cara laindan softcase kosong kadangpliss,Negatif
landscape otomatis foto frame minimal orang otomatis landscape,Netral
guys doain gua punya uang sama umur tahun,Positif
enggak mau kirim iphone bekas reviewan apaaaahhh,Positif
segel orochimaru leher sasuke obat nyamuk tiga roda,Negatif
iphone pro max tb black,Netral
eh sama enggak kayak kasus propromax sama propromax soal camera bagus seri,Positif
kapan reviewnya,Netral
lihat vid pakai iphone pro,Positif
jadi fitur anti tema aplikasi jadi transparan wkwkwkwkwkw,Negatif
pajak juta pajak mending kasih orang kurang mampu,Negatif
wokwowk iya dipakein case tutup malah jadi poco,Negatif
jual enggak habis review,Netral
yogyakarta indonesia hadir,Positif
mantap,Positif
iphone selalu tinggal jaman soal tekhnologi android,Negatif
handphone orang gaya hidup mewah,Positif
iphone bentuk ngebosenin cuman beda warna doang,Negatif
iphone pm,Netral
salpok sama merek momok,Negatif
hmm nyata iphone ku buruk wkkwwkwkwk,Negatif
ekspresi kayak nyesal beli i phone pro,Negatif
aku,Positif
ijo miskin,Negatif
review full,Netral
aku sindir siapa timothy,Negatif
kalau cari aku iphone promax warna oranye memang baik,Negatif
koplok ijo miskin,Negatif
iphone pro base,Netral
jadi flash back duluuuu punya sony ericsson walkman warna orens,Positif
mau nanyaaa buat pernah pakai iphone samsung seri flagship mending mana sih,Positif
tayang riviewny,Positif
bukan ijo sage asa iphone,Negatif
varian polos thai green tea pro max thai tea,Negatif
baca kok sa ge baca seij lah,Positif
banyak duit abang,Positif
simak,Positif
lihat belakang kok jadi ingat nokia symbian,Positif
hijau missqueen enggak,Positif
tempat gua pakai iphon banyak pegawai gaji bawah umr kalau usaha bisnis punya mobil rumah pakai handphone samsung ovvo gua iseng tanya enggak beli iphone kan mampu jawabanya tuju cari duit dunia nyata bukan pamer handphone tahun lomba lomba ganti iphone baru,Negatif
iphone asa enggak ubah besar tahun tahun harga bekas anjlok,Positif
pilih series genap series ganjil memang selalu coba iphone jangan kalau pengin upgrade iphone,Negatif
tonton dulu enggak beli kapan,Negatif
cuma mas transfaran sampai fakta tengok dulu vt aku nganggur cuma pakai realme mau beli duit soal,Negatif
samsung ultra bahak bahak,Netral
heran tetap laris,Positif
kesan biasa,Positif
s a l a m k e n a l b a n g d a v i d g a n t e n g,Netral
ai enggak smooth heran hiks muka nyong semua,Negatif
review resmi,Positif
kayak tiga lebih orang koh auto rotate,Negatif
jadi simpul bagus pro kak,Positif
update pakai iphone dong lama beberapa minggu gimanaaa,Negatif
jadi simpul mending pro apa pro,Netral
riview apple iphone air dong desain bagus pengin spesifikasi,Netral
iphone kalau enggak cepat inovasibisa nasib nokiaitu bom waktu,Negatif
asli iphone banget lo kamera langsung bagus banget sama komersilkan tipe tipe analogi kamera iphone harus langsung bagus iphone simpan maju sebut terap iphone monopoli,Positif
saran iphone pro bagus ganti iphone pro google pixel pro pakai biasa enggak main game lebih focus photo suka traveling,Positif
tanya mending stay plus upgrade basic,Positif
reviewnya kapan,Netral
user iphone model seri propromax kurang banget model basic sama air terima lah desain,Negatif
iphone lebih bagus series ganjil apa genap guys,Negatif
pro,Netral
mnurt bentuk pro belakang kes kurg wowmalah tampak jadulnampak muka kecewa produk baru ini,Positif
i phone pro edisi bitcoin,Netral
xiaomi pro max kapan,Netral
bulan kapan upload repiwnya,Negatif
tonton review iphone pro pakai handphone vivo muncul iklan samsung galaxy,Negatif
ios update an sampah ganggu koneksi mau update masalah koneksi jadi puyeng keliling,Negatif
saran dong travel adaptpr bagus aman iphone berapa watt trimksh,Positif
bulan enggak buat review,Negatif
hijau miskin b oung seprei pung warna ijo kayak handpone harga rp mahal kok murah seprei miskin kok kayak baru dengar istilah e hijau miskin baru gbr tembok orang punya rumah,Negatif
bukan enggak mampu beli iphone soal tanggung baru minggu kemarin beli infinix hot i,Negatif
jumlah kamu bayar kalau tukar duit malaysia jumlah harga iphone campur pajak dekat rmmahal oo,Negatif
juta an usb,Positif
bulan juta view kaum bawah kebelet beli iphone sampai iphone series worth buy akhir tahun,Netral
jadi soal kamera bagus pro max guys,Netral
benar dong,Positif
mnurut gue kok iphone basic lebih elegan iphone promax,Positif
pajak juta wadidaw negeri konoha sanga sejahtera,Negatif
tonton dulu beli kapan kapan,Negatif
pajak pajak pajak,Negatif
kapan xiaomi prp max,Netral
bungkus snack warna oren,Netral
awal baru sekarang ku geli lihat model iphone baru,Netral
gila kang pajak bagaimana enggak cepat kayak bea cukai,Negatif
wkwkwk bangkai,Negatif
wah nyata lebih ya zoomnya memang menang iphone got the detail cantik,Positif
belakang enggak premium lihat plastik murah bagi buble cameranyasangat sayang,Positif
lihat kemudian buka web vendor seller resmi komparasi sana sini budget sekali beli pro enggak basic jangan air wkwkwkwkwkwk sumpah jangan,Negatif
fix kamera lebih bagus ketimbang,Positif
harga berapa tahu,Positif
lebih adam kamera,Positif
warna enggak bagus trllu colok bagus warna putih silver satu blue,Negatif
banyak warna orange nglupas warna jadi hilang kata,Netral
poco versi pro,Netral
banggg pliss,Netral
lihat desain pro aku makin mantabkan hati tetap pakai pro,Positif
jadi sesal beli basee,Positif
mending basic apa pro soal selisih dikit jawab galau,Negatif
rencana mau upgrade plus basic,Positif
jam warna ijo,Netral
iphone,Netral
makin kesini makin parah,Negatif
bagusam model ipone,Positif
sama enggak makin kesini makin enggak fomo beli iphone baru,Positif
warna orange sini panjang panjang jalan warna tong sampah mau beli pengin max pro bingung enggak suka gede banget pro max,Positif
ijo sage ingat gue pixel enggak salah,Positif
kao mau upgrade iphone pro pro worth enggak,Positif
saran buat hasil foto sunsetmatahari pas mau benam hasil foto,Positif
singapore hari pro tb,Netral
kamera mantepan pro maxx,Netral
bismillah moga beli iphone coba rasai pakai handphone mahal,Positif
tinggal warna norakahahahaha jangan nanggung,Negatif
apa skip tonton gadget skip enggak banget buat gue kadang gue track back kalau suruh pilih gue pulih biasa soal pro max mah android banget desain kapai,Negatif
terlalu tele capek tonton,Negatif
unboxing xiaomi pro promax abang,Netral
salah fokus sama dyson kayak collab sama marvel soal warna thanos banget,Negatif
trus kapan obain xiaomi pro max lebih keren,Positif
pengin punya iphone buat ambil dokumentasi kerja wisata alam apa daya gaji umr bantu doa sahabat,Positif
fold lah juwaraaa,Netral
lebih suka based model,Positif
studio ponsel store,Netral
gue nabung pengin punya iphone enggak sampai aja,Positif
suara cempreng review enggak jelas,Netral
mirip album taylor swift koh the life of a showgirl,Negatif
mungkin zoom cropan wide cameranya,Negatif
jujur enggak suka model pro aneh banget wkwkwk mending pro orang,Positif
bagus,Positif
coba banding iphone sama iphone pro,Positif
thanks info apple ubah sejak jobs mangkat saat alih ultra enggak,Negatif
aku jatuh pro max biru tua mending warna oranye kurang puas sama warna pengin ungu,Negatif
harus satu beli iphone air mau lihat ih,Negatif
alhamdulillah kebel,Positif
serah mau katain kaum dang mending jujur design iphone air bnr kocak ku aku paling suka design iphone camera boba layar poni sekalipun tutup layar aku paling suka ketimbang android bulat punchole,Negatif
iphone brand belah bakal keluar,Negatif
mau beli base model gua enggak blue gb bh baru pakai bulan plus garansi qoala tahun paket sama beli waktu full box ambil stiker sekali kan susah noh sekarang enggak stiker juta net kata ci mehong mah mau,Negatif
guna pro max desain bagus kalau letak kamera makin ngawur,Positif
kalau pro lebih unggul kamera banding pro,Negatif
wah iphone pro max buat adik,Positif
bagus china apa amerika,Negatif
poco,Netral
vid kira handphone lo apa,Negatif
unboxing handphone infinix smart,Netral
malah jadi jelek design camerax mirip poco,Negatif
sila debat wkwkwk,Positif
pro max model camera beda sblmx,Negatif
negara indonesia beberapa negara enggak usah banyak cukup negara rakyat sejahtera,Positif
tabmelnya definisi riview dong bro kalau gue jangan tubmel clickbait,Negatif
handphone agung agung kan netizen konoha,Netral
bentuk hape kayak android jelek,Negatif
tetap,Positif
lama iphone design kayak handphone china,Negatif
jadi mending pro base model guys bingung bjir harga enggak jauh beda,Positif
banding basic sama pro dong aku bingung mending mana terima kasih,Positif
nyaman sama seri belum lebih kalem simple elegan fitur enggak kalah telak,Positif
bgsekali sekali dong intro estetik ajmassa intro ai guys disinibosan banget dengernya,Netral
kak coba review xiomi pro pro max,Positif
bazelnya bahas dua,Positif
suatu tenggelam,Netral
kamera lebih oke nyata,Positif
xiaomi promax review,Netral
dapit tinggal kok dikit dikit palak eh pajak,Negatif
suka suka lihat lebih keren promax banding iphone,Positif
designya aneh pro enggak estetik enggak lihat luxury sama sekali beli handphone poco lah samsung android menang design,Negatif
makin sini makin yakin handphone kamera kecil paling nyaman turut aku tetap setia oppo reno f sesuai butuh sosmedan cukup handphone sama foto bocil,Negatif
review tesla phone,Netral
thank you gadgetin makin yakin beli harga turun kamera gue anggep lebih bagus selera,Positif
mampukalo dipaksain sihtapi mentingin buat investasi dulu karena profesi kuli bangun,Negatif
buat fanboy denial dulu ngekeuh iphone base enggak butuh hz jangan beli iphone base seri atas kalian nikmat hz kalian kan kalian kata enggak butuh iphone series atas cuma buat fanboy waras user lain awas makan ludah sendiri,Negatif
beli iphone basic sekarang worth enggak,Positif
mas kapan ngonten handphone oneplus sand dunes,Netral
tim tonton ajah tahan iphone base modelcos perdana iphone pertama hidup moga awet,Negatif
ingat nokia gue dulu warna oren,Positif
guna plus hadir,Positif
buat series ipon paling worthit iphone keluar,Negatif
soma promag mana kata aipon killer,Negatif
enggak pernah skip iklan tunggu rekomendasi handphone akhir tahun buat lebaran nanti,Negatif
tunggu review tesla phone,Positif
memang benar tesla mau ada smart phone,Positif
paling ku suka update iphone reguler hz hz,Positif
mu iphone cocok banding sama handphone apa samsung ultra,Netral
android lesat hz,Netral
jujur bimbang banget mau beli iphone biasa pm soal mau sekali sekali upgrade iphone bosan banget pakai samsung,Negatif
review xiaomi pro,Netral
pro desa kayak handphone juta malah bagus desain pro,Netral
munkin mirip toko oren kan apa,Negatif
mamtap,Netral
jangan beli produk studio ponsel soal barang masalah lepas tangan kronologi beli ipad pro tanggal september tanggal oktober hari minggu handphone kena death pixel komplain lah pihak jual kalau ipad kena death pixel garansi enggak soal sedia garansi toko hari nah pas handphone rusak hari harus dong claim garansi toko ngajukan claimnya pas hari minggu pas layan tutup singkat cerita baru dibales lah hari senin tanggal oktober pihak toko tolak claim garansi toko lewat hari tangga pas barang cara bicara muter muter enggak solusi sama sekali ujung ujung suruh claim garansi apple sama bohong kapai chat panjang lebar ujung ujung enggak chat cuman read centang biru,Negatif
simpul sederhana teknologi apple revolusioner dulu steve jobs tinggal desain apple revolusioner dulu jonathan paul ive resign sekarang jadi konsultan open ai material apple sekarang ringkih tim cook pakai material murah sulap kualitas sama mahal sulap habis biaya besar rd dapat besar laba bersih kecil kandidat ceo masa depan apple john nus ahli hardware mungkin jadi ceo kualitas hardware apple bagus mungkin harga lebih mahal milik mampu efisiensi bagus tim cook soc apple hemat daya struktur soc lebih banyak ecore efisien pcore performance,Positif
made apa,Negatif
pro,Netral
tonton pakai inf hot pro plus ngemil,Negatif
review xiaomi pro dong,Netral
diketawain poco versi pro seriesnya,Negatif
xiaomi pro max,Netral
pakai iphone ikut ios theme crystal clear jadi asa handphone baru hahahaha,Negatif
nabung bulan buat beli iphone bingung mau beli iphone mana,Positif
review mi pro max sekali baanng,Negatif
enggak review poco cuma pengin dapat serta banding handphone,Netral
bagus warna light blue green apa lavender,Negatif
bahas kamera iphone pro,Positif
tonton vid pakai iphone,Negatif
tim tonton tak mampu beli ayo kumpul mari,Negatif
pajak kesal,Negatif
salam semua sehat selamat sukses sejahtera selalu,Netral
enggak upgrade desain kamera sama processor,Positif
tahun aku beli handphone bang,Positif
kamera orang otomatis jauh redmi note,Negatif
xiaomi pro max dong,Netral
teknologi handphone mentok upgrade sekarang ajajadi beli iphone sekarang memang cuma beli buah handphone,Negatif
positive thinking mungkin beliau beli lewat seller jastip harga retail lebih mahal biaya bea cukai total hampir juta,Positif
kamera lebih natural pro denk selera jatohnya,Netral
iphone sage jadi sage aku lihat,Positif
pro mirip designnya google pixel dulu design belakang dual tone,Positif
alhamdulillah handphone mid range hz,Positif
enggak review aku akak,Positif
jelek apa iphone mata fanboy tetap bela padahal kritik terus enggak beli buat apple beri jauh lebih baik,Negatif
tim beli doang kagak tonton,Negatif
tiga warna iphone pro aku malah lebih suka sama warna orange kayak jarang banget handphone punya warna berani langsung wow pas lihat kali pertama iklan,Positif
adu camera sama huawei kayak seru banget,Negatif
grafik keren habis gameplaynya seru,Positif
kualitas tinggi standar emang top,Netral
keren suka bagaimana selalu update,Positif
mantap benar tempat buat seruseruan,Netral
grafik keren habis gameplaynya seru,Positif
berkat lesat jual kaki lima usaha restoran,Netral
grafik keren habis gameplaynya seru,Positif
keren suka bagaimana selalu update,Positif
grafik keren habis gameplaynya seru,Positif
keren enggak tanding juga unik,Negatif
sukses selalu selalu penasaran,Negatif
grafik keren habis gameplaynya seru,Positif
grafik keren habis gameplaynya seru,Positif
grafik keren habis gameplaynya seru,Positif
grafik keren habis gameplaynya seru,Positif
menang jangan lupa teman,Negatif
kualitas tinggi standar emang top,Netral
grafik keren habis gameplaynya seru,Positif
kualitas tinggi standar emang top,Netral
bahas xiaomi pro max,Positif
miris lihat harga pajak,Negatif
yes sayang no iphone pro,Positif
beli handphone kaya beli kurupuk,Positif
punya budget juta mending ambil iphone gb xiaomi pro tb,Netral
tonton enggak mampu beli mana suara,Negatif
kalau beli store china aman enggak,Negatif
enggak coba video,Negatif
pajak nya,Negatif
baru sampa an iphone,Netral
coba mi pro,Positif
bahas xiaomi plisss,Positif
mahal iphone,Positif
revew xiaomi pro max,Netral
pro pers china mana,Netral
banyak bahas enggak penting,Positif
tonton pakai iphone,Negatif
coba xiaomi dong,Positif
mungkin tadi iphone perlu ditambahin aod benar pengin lihat versi basic aod tqqqq,Netral
pas iphone pro pakai case ingat poco kali pro wkwkwkwkw,Positif
tunggu xiaomi,Positif
hahaha,Netral
steve jobs lihat iphone sekarang pecat tim cook apa tiap tahun cuman upgrade kamera baterai chip ram core gpu core cpu ukur chip screen dulu tiap tahun apple inovasi baru orang tunggu apple apple sayang banget johny ive keluar apple no hope tunggu inovasi apple malah xiaomi bangkai bagus banget cok screen belakang lihat macam uji coba buat smartphone layar penuh depan belakang,Negatif
coba riview xiaomi pro,Positif
gaass auto beli jual sawah waris emak,Positif
xiaomi enggak pro,Netral
bahas xiomi pro,Positif
rekomendasi dong mending beli iphone promax pro,Positif
tunggu xiaomi pro max mas,Positif
coba buat vs sama xiaomi pro max pengin jelas lebih paham soal handphone unggul mana gue cuma model doang enggak spek haha,Positif
mana review xiaomi pro max,Netral
iphone iphoco,Netral
review xiaomi pro bang,Netral
alamak kecawa desain ippro nya,Positif
alamak kecawa desain ippro nya,Positif
iphone sage cakep banget dah moga kebel akhir tahun,Netral
kamera promah sama promah kok lebih bagus kalian bagaimana gaes,Positif
salah satu alas ambil iphone bawah series mesti seri pro atas biasa android hz broo omong kosong hz iphone tara android hz asa motion lagnya cuy,Negatif
review xiaomi pro pro max enggak,Netral
buat iphone pro sama xiomi pro seru,Positif
biasa xiaomi poco bilang tiru iphone sekarang akak iphone lihat kayak poco,Negatif
bahas xiaomi pro dong banding sama iphone pro,Positif
boro kebel iphone ngumpulin duit kepake mulu,Negatif
pajak handphone juta bayang ribu beli bayar pajak negara rusak,Negatif
bulan depan beli bissmillah,Negatif
tunggu review xiaomi pro max bang,Positif
lebih worth mana pro basic,Positif
coba banding iphone pro basic bingung dilema banget wkwk,Netral
xiomi pro max tunggu slanjutnya,Positif
pajak segituu,Negatif
nontoin review kang baca komen net sini jadi makin mantap promx upgrade pm aja,Positif
terima kasih om jadi nota hehehe info sangat manfaat membantusaya kbtulsn handphone sama lupa sandi langsung ikut langsung jadi nota,Positif
review xiaomi pro max,Netral
review xiaomi pro max davia,Netral
warna green bagus matcha,Positif
lihat pro jadi ingat velg cncnya vnd warna orange,Positif
xiaomii,Netral
tunggu xiaomi pro,Positif
tonton pakai redmi siapa besok kebel iphone pro tukar tambah,Netral
xiaomi pro max dong,Netral
gua tunggu review xiaomi pro,Negatif
mau tanya iphone buat jangka panjang tahun wort enggak soal mau beli,Positif
pengin coba iphonemke ultra enggak rusak,Netral
xr orange lupa,Positif
haha lumayan design iphone pro handphone poco kali pro gue awet muda malah jumlah bobanya lebih banyak,Positif
assalamualaikum pengin atuh handphone bebas handphone apa bekas buat usaha,Negatif
kalau iphone masuk iphone harga turun,Negatif
xiaomi,Netral
coba riview handphone xiomi biasapro,Positif
gue pakai iphone pro max dark blue sengaja enggak mau pilih cosmic orange warna aneh buat gue pribadi lebih bagus silver overall handphone cakep specs fitur baru moga mau punya handphone sampai,Positif
iphone kok enggak beda soal desain,Positif
enggak worth usd kok jadi jutaaa rupiah untung reseller gede,Positif
kamera tiru poco kali pro enggak,Netral
jawab promax edit pakai capcut p hasil sama,Positif
iphone memang iphone seri reguler worth segala tingkat beri kok brian request review produk apple lain apple watch seri baru rilis misal apple watch se,Positif
iphone cepat panas enggak guna hari soal aku rela jual pro cepat panas sekarang bimbang mau ambil apple samsung flagship,Negatif
gara hz gue langsung ganti iph,Negatif
camera depan oksidasi enggak kak,Netral
hak apa kamu worth barang pinjam worth imbang fitur kasi duit keluar memang kamu keluar duit,Negatif
bagaimana tahan body material dnger aluminium enggak kuat titanium,Netral
keren,Netral
mah belikan mah,Negatif
tahun depan moga turun harga,Positif
banding iphone basic sama pro dong bimbang mau ambil mana wkwk,Negatif
hz dealbreaker up pm worth,Netral
baru white upgrade xr pakai tahun,Netral
tuju cakep base model sejak,Positif
iphone cocok pakai charger apa charger produk iphone langsung,Netral
review ear pods type dong sekarang luar indonesia banyak pakai headset kabel,Positif
sengaja iphone base model simpan gudang goreng harga iphone sampah base model keluar enggak goreng iphone gb jelek,Negatif
moga kebel iphone tahun depan amin,Positif
enggak apa banding vivo kali pro harga cuma beda juta,Netral
kak compare iphone pro vs iphone base model,Positif
memang upgrade paling worth iphone initdnya mau beli iphone pending dulu deh lihat upgrade iphone banyak bangetnunggu duit kumpul dulu moga tahun depan hrgnya enggak goreng,Positif
tahan xr,Positif
baterai handphone iphone rata rata rban mah enggak ikut handphone android ribu bahkan ribu mah,Positif
fr segi kamera batterai bagus orang iphone,Negatif
mana debat update series ganjl sama genap kalian bagus ganjil genap,Negatif
aku bela ganti iphone pro iphone basic asa banget beda kamera memang worth banget sih,Positif
batreinya gila gila,Positif
tonton vid ipon langsung alhamdulillah memang se mantap gue iphone up benar enggak sesal minus harga doang ampunnn,Netral
kaget lihat klaim lewatin plus pas aku cek battery test nyata enggak,Positif
harap plus malah enggak butuh size besar pro max mahal,Positif
riview vivo kali pro,Netral
penasaran air versi entar bikin bening kaca tembus pandang terus hologram nah baru terobos moga jadi terus jadi health body scanner ganti mri wah mungkin iphone,Negatif
fase timbang iphone mau minggat pm pro butuh saran teman sepuh,Netral
sini apa pakai iphone beli baru,Negatif
benar banget tonton pakai iphone mist blue,Negatif
buat ku personal ini upgrade iphone type dynamic island minus cuma hz soo gamasalah buat ku enggak main game handphone plus harga tahun tarik banget banget iphone buat inceran upgrade harga nyentuk juta kecil,Positif
a,Netral
gue suka lu cuman terlalu cepat omong sukses selalu,Negatif
teman gue mending xr kuning,Negatif
handphone sekarang goib mana kosonggg,Netral
aku keliling kmna seluruh mall wkwk enggak eh tau digimap warna mist blue,Negatif
akhir ambil pro basic barang ghoib aura boba tetap lebih mewah boba,Negatif
lama bentuk iphone baru sama persis series belum iphone sebut worth milik soal enggak beda tampak luar jadi worth cuma iphone pro pro max tampil luar penting identitas hahaha,Positif
worth daily jual banyak nampaknya iphone basic untung kemarin ambil pro kalau gigit jari square cameradual camera enggak mungkin kasih iphone seri pro,Negatif
fan iphone ram gb tara android ram iphone sekarang pakai ram,Positif
boros handphone,Negatif
alhmdllh stlah tahun akhrnya hz wlpun jenuh apple apa ai ah sudah aneh youtuber diksh hz mending dksh hz beda seri pro dksh gb mending gb cukup rrrrrrrrrrrh,Negatif
ane hrga warna hijau,Positif
sempat pikir ganti pro,Positif
seri ganjil memang selalu bagus upgradenya,Positif
kalau fitur log video mungkin beli iphone nbasictpi enggak jadi enggak jadi deh,Negatif
alam pakai lebih enak seri pro,Positif
alhamdulillah kebel iphone base model mist blue worth kali,Positif
dilema iphone sama iphone plus soal sama sama plus minusnyaada saran garekomendasiin dong kamera cakep,Positif
banding iphone pro lebih worth mana,Positif
kayak apel enggak limit layar hz langsung hz teori ku malas asih limit langsung plek ketiplek layar seri pro pindahin base model,Negatif
aku lihat user iphone biasa sedih lihat iphone kasih promotion hz hahaha,Positif
moga iphone turun harga dulu buat upgrade,Positif
plis jawab apa ukur buletan kamera base model sama pro model gede base model lingkar apa asa kok kayak pro buletannya malah kayak kecil lensa plis jawab aku pernah pegang lihat dua device dekat langsung,Negatif
link wallpaper gan,Netral
memang iphone plus gue taunha e,Positif
literally iphone seri pro kamera telephoto speed type sunat overall pakai puas buat butuh jadi hape utama kerja aplikasi kemarin beli digiplus gi warna hitam tadi mau beli putih match sama macbook pro stock langka sekali harga diskon voucher buat nebus case zagg jadi ribu best base model iphone,Negatif
alhamdulilah baru kemarin beli ibox pertama pegang xr pindah gila langsung rasa banget beda,Negatif
orang pakai iphone cuma buat komunikasi main sosial media lebih tepat ambil iphone harga baru second jangkau body tampil iphone sama banget beda kalau orang penting spek iphone tara sama pro model,Positif
hrga kemarin overall puas sh guna iphone pertama awal ragu pro cuma lebih mentingin memori internal bukan guna profesional jadi fitur pro enggak kpake sama enggak terlalu mentingin boba penting lebih ringan lebih adem memori besar,Positif
bagus harga enggak manuk,Positif
bentar bukan iphone gb harga rilis awal usd iphone plus usd,Positif
benar pengin banget update pakai basic mulus lancar cuma pakai buat wa jadi asa sayang buat update,Positif
pro vs basic,Netral
pakai hampir bulan better pro every aspect enggak gampang panas enggak berat layar bagus banget asli batre irit ampun,Positif
mau up pro bagaimana bro pro boncos sering panas padahal banyak off,Positif
handphone ghoib marketplace goreng harga retail resmi kosong terus,Netral
pengin iphone lama mash bagus banget kwkwk,Negatif
promex sama promex ding vidianya perbandinganya,Positif
mending xiaomi,Positif
tunggu tahun beli iphone thanks info,Netral
no viewww anjaay pertama,Netral
orang gila,Positif
juta mending beli fold pak,Positif
jadi issue ekonomi indonesia lemah hoax,Negatif
alhamdulillah kemarin beli hongkong pro gb harga hd kalau krush,Netral
cecer menang darah,Negatif
mending handphone kentang,Positif
antri parah,Negatif
minggu lalu gue lihat jepang iphone pro max rupiahin juta gila jual indonesia jadi juta an wkwkwkwk,Positif
nyala pajak indo,Negatif
harga relatif penting butuh kempampuan kalau butuh punya dana lebih enggak masalah jadi masalah enggak butuh enggak dana maksa buat beli akhir jual diri kredit kan tolol,Negatif
wakakakakkaa miris komen julit,Negatif
mandi mandi,Netral
handphone vertu senyum lihat ini,Positif
juta mah bukan harga motor harga mobil bekasss,Negatif
mending iphone,Positif
dear gaji umr enggak usah maksa lihat kayak beli embelembel self reward,Netral
begini bro indra kan masuk apple juang terus masuk indonesia apple store nah soal apple bodoh even shell enggak bodoh kalau mau deh banyak cengkune investor kabur lahan dong minta padahal jadi perintah sendiri biang keladi mau jadi tambah jadi jadi investor mikir masalah preman duit pungli jadi kalau apple mau indonesia pola pikir perintah mau apa apple minimal kerja masuk situ apple sendir pilih kalau has keren itung itung bangun negeri,Negatif
mlysia promax gb cuma juta,Negatif
benar harga indonesia lebih murah tempat sekarang ada swedia pro max tb sek kalau kurs komentar buat idr tempat paling murah comviq lucu gb malah lebih murah sedikit ratus ribu rupiah kalau salah tadi jadi kesimpulanya indonesia barang lebih mahal,Negatif
mahal ekonomi kayak begini tahan pro,Negatif
enggak,Netral
hidup luar negeri banyak produk lebih murah gaji ekonomi jauh lebih tinggi hidup indonesia gaji ekonomi rendah tambah banyak paksa jadi lebih mahal,Positif
tunggu iphone jadi juta baru belimungkin tahun bentar,Positif
capek jadi wni,Positif
inti reseller iphone dulu memang ngentot markup harga,Positif
harus bahas detail penuruan kualitas material pro guna alumunium memang konsumen layak dapat produk alami turun kualitas material fitur such as foto is fine mungkin lebih baik projadi bukan st mandatory bahasplease,Positif
mau omong mahal kemarin isilop pamer pro wkwkwkwk kayak memang isilop isilop konoha,Negatif
pengin beli mau jual motor dulu ditambahin uang buat obat bapak dulu enggak apa takut kurang soal harga mahal,Positif
review apple watch ultra,Netral
us harga base model sama base model iphone apple naik standar base model gb memang harga memory jauh turun awal dulu eh sini malah naik sama iphone upgrade wasalam ios makan memori battery lebih besar ios tambah wasalam waktu bukti,Positif
aplle buat yahudi,Positif
yeeeeeeeeakhirnya bisnis hotel jadi rame kembali,Positif
mau ambil tb lumayan buat simpan kenang foto anak punya cucu enggak ganti handphone,Negatif
punya duit sikaat tak punya duit shut up,Positif
ibox blibli digimap modar apple buka store jegal semua,Negatif
murah,Positif
banderol harga buahbuahan baru release resmi merek hape flagship model camera belakang mirip banget bakal upaya pihak distri lokal masuk resmi kayak,Negatif
jelas margin tebal banget itu,Negatif
jepang umr gedek harga iphone enggak mahal sini lah indonesia umr rendah walah jual lebih mahal harga benar negara apasihh,Positif
jangan mau beliiiiiiiii v,Negatif
jelek bentuk,Negatif
besok beli puluh biji cuma juta doang murah banget,Positif
sekarang,Netral
nyata enggak salah gue beli hongkong konoha lebih lama release eh malah lebih mahal negeri konoha harga lebih mahal,Positif
adaptor iphone series pakai apa,Negatif
wessss wess,Netral
beli luar negeri beacukai lebih murah enggak,Positif
gengsi mahal ajg,Positif
mending itel kan sama iphone telephone sama itel telephone kwkwkwkwkwkw,Positif
timbang handphone cuma pindah pindah letak kamera sama chip paling harga enggak ngotak,Positif
wkwkwkwkwkkw tahan dulu lah anjir knapa nabung nabung malah jadi mager beli malah jadi pengin tunggu ipad pro mini,Positif
kalau rm berapa rp juta,Negatif
tunggu harga jt,Positif
kalau lo rasa demam minum dulu paracetamol jangan rasa ketinggalansabar sabar bulan kemudian bakal turun,Negatif
tahun depan iphone handphone suruh pasar,Negatif
handphone idam lc,Positif
nasib warga kono,Netral
ada giveaway dong jangan review mulu,Negatif
jangan buru buru belibiar tambah rugi aple enggak laku mulai pikir alih brand kalah harga sangat kompetitif,Negatif
polos bangwong mafia indonesia powerful apple store ciutt,Negatif
ponsel harga ngotak harga lo nikah wkwkw mending nabung simpan buka usaha sedekah beli halhal lebih manfaat,Positif
stuck ne tunggu tahun,Positif
banyak lemah sangat iphone pro atas,Netral
enggak sopan,Netral
brand pegang mafia seperti buka toko resmi susah harga dimainin terang harga us tetap oke kurs naik waktu series muncul series selisih kurs naik kurang lebih perak doang naik masuk akal jangan langsung sendiri anjg,Negatif
bakal rame hotel yyta,Positif
ibox ibox goreng terus mampus anjeng harga enggak ngotak anjing padahal sama harga kayak tahun tahun kemarin us eh indonesia malah naik gilaaaaa,Negatif
ambil positif lihat hrg rilis iphone banding neg tunjuk rakyat indonesia lebih kaya,Positif
dollars biaya produksi gita wirjawan,Positif
lu suka iphong harga segitu murah banget handphone idam masa enggak beli,Positif
desain,Positif
lah kata impor pajak,Negatif
pocopon mahal,Positif
enggak heran saham anjlok beli mahal model kayak poco lebih gong kamera biji harga an pulang benar iphone base model paling worth tahun ini,Netral
us kena pajak barang indonesia padahal indonesia terap pajak barang biasa kalau barang mewah lebih itu,Negatif
iphone base launch price indonesia,Netral
salah apple reseller indonesia,Negatif
lama orang kayak kalian fanatik yagengsi dong kalau enggak punya baru sumber uang buat,Negatif
wkwkwkwk konoha kampret,Negatif
lah lebih murah kan arti wkwkwk total beli luar cukai juta sini cashback free cicil darimana monopoli reseller wkwkwk,Positif
gue ogah bayarin juta buset handphone bro gila kali,Negatif
mules perut lihat harga,Netral
mahal banget mending huawei pura ultra vivo kali proultra vivo kali proultra xioami pro max,Positif
tunggu bulan,Negatif
umr juta mau beli barang juta bulan enggak makan,Netral
mending review android banyak bahas banyak innovasi variatif iospas enggak bis bahas stuck innovasi,Positif
juta mobil second,Positif
terima kasih kak cukur rambut bukti komen gue pedas dengar,Negatif
seri apa support record bypass external storage mohon info abanh,Negatif
pajak indonesia mahal jadi harga kacau,Netral
wajar harga segitu komdigi surat kuasa balik nama hape,Negatif
ah bangkai deh ah tunggu deh,Negatif
padaha korea iphone pm tb cuma juta won juta an rupiahin,Negatif
makin sadar apple store sangat sulit mungkin enggak pernah indonesia iphone kandung kadar etanol sangat tinggi eniwei lihat harga pro max tb mungkin not for everyone besar mungkin kerja industri foto film beda juta tambah tb banyak user bakal pakai ssd nvme portable,Positif
kebujakan trump bukan pajak semua barang usah,Negatif
kapan tayang kompare airpods pro airpods pro gua tunggu minggu kemarenplease,Negatif
kapan tayang kompare airpods pro airpods pro gua tunggu minggu kemarenplease,Negatif
buat bahasa inggris buat vidio monopoli harga iphone indonesia seperti untung banyak jual buat tengkulak pasar,Negatif
moga masuk xiaomi pro series harga jadi kompetitif,Netral
dong mending beli iphone indonesia luar negeri,Positif
po pm tb ibox hrg malah lebih murah banding inter cash back bank tentu jadi juta,Positif
tonton pakai iphone pro gb beli korea sini rp adaptorantigorescasehendset,Negatif
makin sini harga deh enggak masuk akal mahal banget anjir buat tambah storage doang paling enggak wortit iphone air deh mahal banget kamera satu batery boros hadeh jual tipis doang sekarang buat kaum dang mending aga banyak duit mending beli second deh minimal tingkat bawah iphone tipe baru,Positif
buset baru lihat handphone varian tera,Positif
imagine tb kudu tambah juta gila harga storagenya ngerampok gila,Positif
juta lebih tanah,Positif
jual mahal jual murah banyak manusia bdh mari makan gengsi fomo,Positif
benar kalau harga enggak masalah masalah minim baharu laku iphone ai lemah kamera lebih baik iphone belum kompetitor,Negatif
case iphone merk apa warna apa,Negatif
fixed besok mau beli motor,Positif
beli luar nyampai juta cari batrenya lebih gede,Positif
kalau planet mars jabat keluarga kan perlu pakai iphone baru gratis baik jabat polisi maupun serdadu makanya jual masyarakat jadi mahal banget planet mars,Negatif
makin lebih mahal harga iphone makin wanita rajin lebih sayang sugar dady lebih tingkat layan creator lebih rajin semangat productivity cabe cabe lebih slekteif cari kantong tebal ngutang makin rajin nyisipin uang puasa,Positif
eragroup jadi melik iphone sendiri nama iphone harga naik jadi jtaan,Positif
aku ingat banget zaman beli iphone promax resmi gb awal rilis harga juta bulan lalu harga iphone turun jadi juta kapok deh kena gocek shevchenko,Positif
tunggu iphone seehh,Positif
oke beli ippro max tahun,Positif
iphone gue inter ios enggak fitur esim weh,Netral
punya pro banting bocil rusaknext pro apa pro,Negatif
mending tunggu harga turun jadi juta,Positif
beli gue ipone pro warna biru,Positif
lihat harga memang sangat apple sekali,Positif
ininih contoh negara susah,Negatif
editting kurang srek gue lihat shape mainin opacitynya dong jangan padat warna hitam,Negatif
indonesia memang demen usaha monopoli dulu voc sekarang erajaya moga apple store segera buka indonesia,Positif
beli lah fanboyy mau juta wajib beli kalian cinta iphong kesohor,Positif
kok jadi juta harga,Positif
kaum mifans kaum munafik iri dengki sedang kumpul sibuk hujat iphone promax tetap iphone promax lebih laris flagship android mana cuma xiaomi promaxemmmmeeehhh,Negatif
ilangmah wasalam juta ludes,Negatif
enggak enggak tarik sama iphone pro maxmalah pengin banget xiaomi pro max,Positif
pocong pro meg meg,Netral
pro pro,Netral
ribut harga kalau mampu harus biasa kalau mau beli naik gaya berat jadi bilah sesuai mampu,Positif
kocak memang indra,Negatif
teteh ani ani lebih kerja keras dapat juta minggu beli,Positif
negara pajak tkdn imei gaboleh bawa iphone luar masuk indonesia provider jaring matiin signal imai enggak daftar kemeperin matiin authorized reseller markup butuh serok duid trend review bagus kan sama gb kan kan mahalin sekali profit xiaomi yakin enggak mau pindah harga sehitu beli buy get,Negatif
parkir sekarang rebu indra,Positif
dang mending bagus beli iqoo juta officiall service center banding apple enggak official service center rusak ganti baru kayak singapore enggak dang mending napain tonton orang deh kayak napain tonton review ipon tonton review ferrari porsche,Negatif
mending gue singapura mirip harga,Positif
iphone identik orang kayak indonesia ya,Negatif
beli storage paling kecil uang pakai beli ssd tb stb buat layan cloud sendiri deploy immich open source mirip google photos local nas install tailscale buat private vpnnya,Negatif
iphone kalau ai gitugitu bakal jadi the next nokiablackberry,Negatif
beli motor,Positif
padahal guna apple indonesia gede mati enggak mau buka apple store sini handphone harga kasih makan berapa keluarga,Positif
tenang duit laut mah banyak besok beliiiii beliiii beliiiiikata teman gue laut baru selesai kontrak,Positif
juta murah asli saya duit ribu,Netral
hotel rame nyala,Positif
harga enggak beda jauh sama taiwan selisih cuma jutaanlebih murah taiwan dikit,Negatif
rilis bulan awal tahun pinang biasa blu terus pakai smaapi rusak baru up lsgi kwkwkw selgi apple store,Positif
senang diri tinggal malyasia apple store harga juta kwkwkw,Positif
enggak dulu deh biar tengkulak sepi beli,Negatif
ipon bagus huawei,Positif
saat ambil uang tabung disimpen ibu tiap lebaran lama tahun,Negatif
kalau punya duit pengin punya beli,Netral
untung jackpot juta crypto airdrop auto buy enggak usah musingin harga,Positif
pajak rasa masyarakat,Negatif
kayak oke misal pas review begini take video pakai handphone mau review misal pas tahun lu review iphone pro take pakai pro,Negatif
moga apple store indonesia regional price harus harga rupiah kalau regional price,Negatif
baret rekening,Negatif
beli malaysia,Positif
kok cepeet apa gara press conference kemarin bawa pro kali wkwk,Negatif
iphone pro gb tahun lalu cuma juta sekarang iphone pro gb naik kurang lebih teknologi makin maju elektronik makin mahal bukan rupiah lemah naik ppn tahun akhir,Negatif
tunggu bulan entar paling turun,Negatif
negara umr rendah jual iphone harga tinggi memang lawak negara konoha,Positif
tabung kumpul rebu,Positif
lebih murah beli luar kena bea cukai,Netral
tahan pro tb gempur pro lihat harga motor dapar awikwok,Netral
tonton itechlife pakai vivo xpro,Negatif
uang juta mending pc gaming lah cari iphone model lama jos,Negatif
selisih juta tambah dikitttt handphone gb,Negatif
ebused istri gue beli nonpro an jepun stay jepang jadi enggak mikir soal imei cukai beberapa tahun depan,Negatif
jujur jawab hati nurani iphone warna orange bagus kagak lu,Positif
gue tunggu iphone versi carbon,Positif
mau akal sama poco pro,Positif
juta apa enggak mending geser beli macbook pro wkwkwkwk deh sama pro,Netral
padahal pajak kurang harga naik,Negatif
nhapain ribut harga kan beli kuat kantong lo kagak mampu kagak usah beli,Negatif
saat beli pro mirip base model,Positif
enggak apple buat indonesia reseller tolak,Negatif
po pro max orange kirim tanggal moga kendala,Negatif
jadi warga bijak sekarang enggak pakai iphone enggak mati sedekah juta erjaya mending investasi,Positif
mending service center apple indonesia bagus kayak luar lah ampas banget,Negatif
sayang enggak pakai titaniummlh pakai aluminium wajib casing,Negatif
lama tahun jangan beli deh mikir apple,Negatif
serebuy buat puter balik asih pak ogah,Negatif
satu kata gila,Negatif
enggak usah beli dulu nntik tron pnjualan kurang kmhalan kali asa handphone cuma enggak trllu wow banyak makin keren mcam samsung ai the best,Positif
aku mending iphone pro desain enggak kayak belah ciri khas iphone punya terus bahan titanium sama kayak besmodel,Netral
gue lebih fokus sama rambut lu,Positif
ngpain pusing mkirin harga bkannya user iphone kayak ya,Negatif
wkwkwk harga mobil ken,Positif
iphone air harga enggak kesana kemari naik dikit iphone pro turun dikit base model wkwkwkw,Negatif
apple store bulan lalu enggak langsung beli stock ready kaget banyak unjung cakap melayu logat indonesia,Positif
doa enggak laku,Positif
kok makin lama makin mahal bjir moga enggak laku ya,Positif
mending pro enggak v,Positif
lho kata bareng us masuk indonesia tarif kok mahal,Negatif
lu kayak beli,Negatif
team cuma simak pakai seri,Negatif
apple tv enggak release baru,Netral
paling benar rilis telat kaya series jadi hargany turun banyak,Positif
anjir iphone air harga nyata lebih mahal standar gue kira bakal jadi versi murah riah kayak xr dulu enggak worth sama sekali dih,Negatif
buah fenomena unik dunia elektronik harga paling overated panjang sejarah per elektronik,Positif
series sama kok jadi skip buat tahun depan tanding sama,Positif
sabar wkwkwkw,Positif
ganti battery susah suruh bayar depan handphone sita hari,Negatif
fix enggak masuk akal mending datang ibox digimap lihat lihat barang coba coba pegang pegang hpnya habis pulang,Netral
koreksi dikit tulis rp pakai titik simbol bukan singkat,Negatif
selamat nikmat gengsi,Positif
jangan beli dulu tunggu bulan,Negatif
tarif mana wkwk,Netral
fix iphone pro series kayak iphone series lite,Negatif
murah sendiri,Negatif
kalau laku base model juta enggak masalah,Positif
mau iphone mulai dulu dompet makin tebal main seru menang cepat hoki enggak habis,Positif
iphone baru mtr baru guys,Positif
ginjal bergetargetar,Netral
kaget cepat banget resmi indonesia lebih kaget lihat harga this economy enggak dulu lah,Positif
mana review mac os tahoe mac mini gua tunggu iphone mulu deh bahas,Netral
mending rambut lo hitam kayak begini deh lebih fresh lihat,Negatif
apple kon,Netral
bot lc bakal lebih giat kerja buat pinang handphone,Netral
market bukan orang atas orang idiot,Negatif
mending iphone,Positif
kagak ngotak deh,Negatif
hargany enggak worth knapa desainny lebih jelek iphone pro hargany lebih mahal upgrade minim unboxing djual hargany langsung drop juta,Negatif
hahaha harga mahal buat handphone ai ampas bahan pangkas titanium alumunium lalu model rumah kamera tiru handphone murah poco jelas handphone terlalu mahal sekali harga segitu buat handphone ampas beli bodoh mau sekali harga atas juta beli handphone ampas,Negatif
kalau xiaomi pro series masuk indonesia iphone jamin turun harga,Negatif
mending buat umroh,Positif
maaf indrasuryaa toko ijo benar abang kan takut gocek pengin case,Positif
harga segitu xiaomi promax unit segi design lebih cakep,Negatif
nah begini dong mandi,Negatif
hayo lebih pilih handphone iphonk nmax,Negatif
ayo rakyat indonesia khusus mmpuh beli iphone kompak jangan beli dulu tunggu bulan beli kasih paha iphone suka hti jual iphone hrga tinggi,Positif
mending beli sapi anak,Negatif
iphone mah cepat turun tungguin januari,Positif
iphone air mahal buet bjirrr coba lens,Negatif
jangan salah om timpemerintaham memang enggak ogahn karrna banyak main mafia cukai,Netral
anjay extra gb tambah juta xiaomi extra gb tambah jt gilak gila,Negatif
orang beli iphone kata data aman helooo data enggak aman tetap akses mamarika,Negatif
kata harga bakal turun,Negatif
masuk indonesia jadi maruk benar,Negatif
murah pro max lah naikin,Positif
wajar kalau donald trump asih tarif lebih indonesia produk asal pajakin gila sini wkwkwk untung gelintir orang,Positif
dah laah beli xiaomi,Negatif
harus cuma juta lah us dollarnya ribu lah jt geloo pajak,Negatif
jangan beli langsung tunggu bulan dulu turun,Negatif
cerita rakyat,Positif
produk amrik masuk pajak enggak ngaruh,Negatif
auto tolol kalau cuman gagah mending xiaomi pro max lebih kelas,Negatif
hitung berapa harga hand carry negara beli indonesia,Positif
juta keras kencang wkwk,Positif
kaum dang mending jadi mending beli motor crf,Positif
distributor cari duit balik modal suap oknum jabat sulit apple store diri,Negatif
minimal mandi dongo,Negatif
cuan,Netral
harga sahabat,Positif
jangan beli harga terjun bebas,Negatif
murah kok juta,Positif
ganti casing lah,Positif
minggu lalu pas jepun harga iphone pro rpjt mending beli sana,Positif
gila handphone mahal mahal cuy ai jelek kamera kalah sama android menang gengsi doang,Positif
enggak usah beli enggak bagus bagus,Positif
mana mungkin apple store buka indonesia erajaya group,Negatif
mahal harga indonesia malaysia murah kok,Positif
overprice,Netral
iphone jual storage enggak ngotakyg jelas ipin bukan kaum rakyat jelatayg punya uang ta ber seri silah donasi kan ipin imbal handphone fungsi enggak jauh beda sama andro,Netral
lama nglunjak pelll epelll,Negatif
berani jangan beli iphone se indonesia apple authorised indonesia tapiiiiii enggak mungkin kayak wkwk,Negatif
hargae murah riah pak lek,Positif
gila naik banyak pro max dulu juta naik enggak usah lah enggak worth,Positif
slot cardnya cuma esim,Negatif
sekarang waktu tunggu harga pro max turun,Positif
haga elit teknologi pelit pret,Positif
ngecas pm pakai kpala charger apa baik,Negatif
beda juta mending beli laptop advan workmate infinix pro lah mau iponk mending iponk pro harga promo bulan plus voucher tokped juta varian gb,Positif
mending ambil iphone pro gb harga lebih premium look ktimbang iphone gb,Positif
najis banget harga,Negatif
lu beli handphone belakang isi hasil dosa reseller beli handphone plus bayar bunga,Positif
enggak sesuai umr indonesia,Negatif
mending samsung lah harga segitu,Negatif
duit semua,Negatif
kapitalisme sejati,Positif
mafia impor ups,Negatif
harga sama kayak beli thailand bayar bea cukai ibox kulak thailand,Negatif
ayo boikotbiar harga sama kayak malaysia,Netral
gue user iphone pro tahun gue pilih xiaomi pro,Negatif
steve jobs enggak apple hilang canggih kalah sama samsung teknologi depan sekarang kenal super overprice sama update tingkat sangat minim ketimbang samsung sangat jauhtunggu rilis iphone gebrak saing samsung kalau sama mending beli second harga miring kalau pakai sama,Negatif
enggak mahal enggak kalau,Positif
gua bukan kaget sama harga ipong lebih kaget akhir abang satu ngerapihin rambut acak kadut,Negatif
ipad pro sama aku error gegara ipados kontak apple support tentir beberapa kali singapore via telepon akhir jam cek satu semua software hardware layan begini apple brand lain jadi tetap beli apple deh,Negatif
naik lo lo gemborin jadi trbang ibox,Positif
kiamat apple enggak bakal store negara iniapple enggak bodoh kapai invest negara sarang koruptor situasi politik enggak stabilngomong kasar negara enggak anggap,Negatif
fyi erafone punya salah satu naga kemarin heboh pager laut lama auan kuasa apple store indonesia enggak bakal jadi,Negatif
bukan buat kaum dang mending hehehe terlalu bawa ubah total monotone hahaha gas vivo kali ultraxiaomi pro max,Negatif
tunggu xiaomi pro max jabiar sama embel pro max,Positif
ngomel harga indonesia mahal kok tetap beli,Positif
asa barangbarang us pajak masuk indonesia harga kok double,Negatif
harus internal gb cukup buat daily driver kayak main game terus buka sosmed sama nyetel lagu buat kerja cuman ambil gb mahal banget jirrr,Negatif
kayak harga malaysiasingaporethailand lebih murah indonesia,Netral
apple service indonesia resmi mana,Positif
makan tak importir boykot beli enggak lihat ekonomi susah mau jual pakai harga suka die,Negatif
tunggu turun juta lah buat iphone base model mungkin enggak bom iphone keluar,Negatif
beli iphone enggak jadi mikir kali mending samsung deh ultra,Positif
user android midrange simak deh,Positif
terlalu mahal patok apple enggak worth kalau budget mepet,Negatif
masuk akal harga tinggal pakai enggak perlu registrasi imei bayar bea masuk ppn banding harga beli luar jauh beli luar pakenya luar masuk indonesia jatuh lebih mahal sedikit baru harga devicenya memang keluar khusus cuman beli iphone libur jalan baru beda cerita angep belanja libur luar negeri,Negatif
lagi mau konsumen bego begoin usaha inovasi handphone bukan guna sekala besar mending buat beli motor investasi usaha apple sus bisnis paham,Positif
banyak bug iphone tahan dulu iphone proses,Positif
sini base start from juta memang paling enak apple store,Positif
gue pakai pro beli beijing china harga juta memori gb,Positif
lagi handphone enggak manfaat makenya cuman normal ipone cipta buat kreator makanya vidionya bagus,Negatif
komen beli nyicil wkwkwk jangan paksa sering lihat teknologi gadget jadi lupa harga berapa jangan lah beli maksa nyicil gue rada kasihan bkanny sombong jangan susah diri sendiri,Negatif
seri pro golong murah inovasi bawa apple sungguh mind blowing ukur rakyat indonesia,Positif
akhir rilis ambil series masuk akal,Negatif
stop judol,Positif
hape harga juta fitur minim inovasi ai sampah hape mahal btw gua iphone pro user,Negatif
bingung beli iphone model apa kantong iphone bukan kaum dang mending gue pakai iphone buat etik komen plus pakai iphone cuma satu harga jual enggak terlalu turun malah sulit turun kalau support software enggak lot ah percaya tahu modar handphone lu enggak ngeframe mau androios sama dulu jancok gagal mau beli iphone pro lihat harga najis mati pajak lu buat foya,Positif
doyan ngepajakin luar pajak doyan goreng gorengin bahkan motor second lama akhir iphone baru bukan buat semua kalang jual diri iphone ueedaan garuk kepala,Negatif
kok mandi,Netral
dang mending,Positif
aifon aeer,Netral
harus ckd embel tkdn harus lebih murah harus malah jauh lebih mahal mending beli luar bayar pajak lebih murah juta buat varian siy skip lah enggak worth teknologi enggak baru harga naik jtan lebih sekarang banyak komplain an build quality makin enggak minat skiiipp pro max dulu tahan isi otak apple store indonesia waras dikit buat tentu harga,Positif
tunggu sama chip,Positif
duit semua campur daun wkwkwkwk,Negatif
mahal,Positif
pro max rilis indonesia harga juta pro max harga jadi juta iya naik pajak barang mewah jadi masa naik juta,Positif
lihat udahudah patern harga habis tahun baru base air pro pro max,Netral
handphone mahal enggak kepala ces,Positif
kok hampir kayak vertu ya,Negatif
anjirdi goreng dada harga,Positif
wah wah wah,Positif
nambahin dikit lipet,Negatif
waktu bas juta oke naik juta an kebel deh gila najis buat buah handphone batang tunggu berapa bulan deh turun,Netral
tidur,Positif
dulu pro max gb juta sekarang cuman dapa base model,Positif
tim masak donatur larang ngatur bilah hape sesuai butuh mampu finansial kalian,Negatif
enggak espek coy iphone air jtan oke kalau pro max jtan ku maklumin,Negatif
nyala indonesia taiwan pro max ntd juta sangat mahal you know lah,Positif
buset deh mahal banget baru hapenya sama kabel cas enggak bonus bundle kayak jam tangan barang hmm lanjut kerja dulu deh wkwkwkw,Positif
harga tanah bogor anjay,Negatif
lama tunggu seri iphone harga tembus juta warga indonesia antusias mau beli bilang mau buat susah kayak malah kayak enggak sabar mau buang uang besar hasrat hawa nafsu msng pribadi lah,Negatif
kira tunggu berapa bulan baru normal harga kalau promo ibox sekitar berapa bulan luncur resmi,Negatif
simak p enggak,Positif
om aku mau tb,Positif
tunggu sama ipad gue entar tinggal nyelundup enggak pajak wifi only,Positif
harga iphone ramah kantong,Positif
tahan pro deh walaupun cuma gb ssd ekternal aing tb,Negatif
tonton makan nasi telor ceplok tok till ngebatin gilakk dunia gilaakk pakai,Netral
cukup tonton iphone mini battery health,Negatif
harga official juta ibox juta kacau per unit,Netral
bukan kaum dang mending,Negatif
yakin iphone pusat kaget bahkan iphone malaysa vietnam dstnya ketawa pas tahu,Positif
like,Netral
jangan beli dulu gess harga jelas markup,Negatif
najis bgke negara isi orang suka monopoli,Netral
abang kan pernah ketemu mas tim cook yaudah beliau gue mau buka toko resmi terus minta modal pak dedey corbuzier,Positif
memang kalau acu banding sama negara indonesia paling mahal lepas harga indonesia paling mahal negara kalau lihat base model cukup murah coba ambil acu iphone keluar cepat konfigurasi storage sama iphone gb rp ibox po start iphone gb rp ibox po start iphone gb rp ibox po start iphone gb rp ibox po start jangan lupa banding fitur spesifikasi hardware ditawarin,Negatif
padahal antusiasme iphone diindo enggak kalah sama negara bahkan banyak rela jual diri iphone,Positif
memang jajah orang pribumay,Negatif
banding beli langsung luar indonesia resmi indonesia,Positif
sama a h a l teknologi sederhana mending xiaomi pro max harga cuma juta an,Positif
ginjal getar lihat harga,Positif
beli tokped pakai voucher promag base storage juta,Positif
tunggu tahun harga nyentuh juta,Positif
mendingpoco,Netral
harga monopoli gesya,Positif
rekomendasi dong kak baik beli iphone,Positif
indonesia goreng harga ngeri sekali,Negatif
minat base tunggu hype reda dulu indonesia siapa harga turun,Positif
negara enggak segitu harga dek,Positif
dilemparin banh bayar parkir rb,Positif
selaw bro ani ani habis ngangkang langsung beli,Positif
murah banget,Positif
mata bengkak,Negatif
padahal tarif resiprokal impor usah,Negatif
enggak ngotak ambil margin jadi jtan bro gila gila,Netral
bilah kalau punya uang inti handphone bukan buat kaum dang mending ya,Negatif
alhamdulilah kebel iphone,Positif
harga motor handphone ringkih,Negatif
jta dpat handphone mending beli motor buat keliling kota,Netral
parkir aka ribu kak,Positif
kok tumben enggak mendangmending start harga base model versi belum kayak udahudah terlalu jauh banding wkwkwk,Negatif
entar lebih murah toktok,Positif
ujung kata pamungkas indrawellterserah,Negatif
tunggu lho review macbook pro sama base kemarin cuma unboxing,Negatif
ha ha ha iphone jual resmi indonesia lalu importir authorized reseller harga jadi mahal barang resmi rasa inter klaim garansi susah mau servis susah beli part susah apa perintah indonesia wajib apple diri apple store indonesia memang sengaja padahal guna produk apple cukup banyak perintah fokus tkdn enggak jelas infestasi apa dampak positif sama konsumen produk apple bayar pajak besar main selubung pihak oknum kait pajak,Negatif
jangan beli apple store resmibiar harga makin murah klaim garansi lebih mantap lebih cepat rilis intisari,Positif
saat apple masuk resmi indonesia tetap mau nurut beli erajaya,Positif
harga kok juta memang apa,Netral
beli apple store china worth enggak guys bantu jawab dong,Positif
ibox mulai tunjuk jati diri,Negatif
enggak apa mahal jarang pake,Positif
harga begitu handphone ubah inovasi,Positif
masa iya iphone gb juta iphone air juta iphone pro juta iphone pro max juta indra metaliy juta,Positif
iphone pro varian tb harga motor nmax standar gue beli anjir,Positif
beli sapi dulu ekor anak jual anak baru beli promax,Negatif
harga resmi rilis iphone gb iphone air gb iphone pro gb iphone pro max gb,Netral
kayak handphone kentang,Negatif
mending beli samsung,Positif
kamahalan mana teknologi jaman purba pantas insvestor cabut,Negatif
mending base model pro,Positif
dikorea pm korea varian gb cuma harga won,Negatif
setia pakai seri basic iphone jujur bukan orang profesional hidup basic,Negatif
buat base model selisih juta sama harga uae sini aed kurs rata biaya cukai masuk berapa bawa sini,Positif
coba buat beda iphone pm sama iphone pm lebih lebih wort mana segi design,Negatif
pro vs standar bagus mana pliss jawab bimbang parah,Negatif
design iphone air gue impi selamanini pas lihat banyak minus enggak jadi deh harga kamera esim easy skip,Negatif
akal akal perintah masuk indonesia pajak gede kemarin gue beli ipone garanci china kemarin beijing,Negatif
orang cerdas kapai beli apple air,Negatif
wkwkwk komen bahas gadget lupa bahas kan mahal,Positif
abai harga kalau mau gengsi naik status sosial kalau suka gengsi status sosial naik lebih baik beli penting perlu hari beli bong alumunium dngn harga langit,Positif
jujur design gue lebih suka iphone biasa tamlilan kamera simpel enggak menuhin layar belakangnyaa,Positif
harga paling pas juta base model mau beli saran sabar tunggu beberapa bulan bakal diskon sama ibox biasa hype awal mahal in suruh bundling,Positif
series hrg juta ngerih harga nyebrang android masyarat indonesia terlalu bodoh pajak sangat tinggi hrg luar negeri enggak begitu,Negatif
skip,Netral
mahal banget base model kalau max oke lah,Positif
pengin pro tahun depan enggak baru tapi,Netral
koh minta barcode widgy dong,Positif
sadar penuh gue memilh oppo find kali ultra,Positif
pro gb worth enggak store plus diskon,Positif
tunggu harga turun dulu base green purple pakai pm,Positif
airpods pro kapan rilis masuk indonesia,Negatif
sadar penuh gue beli pm cosmic orange po belanda tanggal sept baru kirim tanggal okt ini,Negatif
hancur iphone series kalau xiaomi series masuk indonesia iphone turunin harga,Negatif
gila base model segitu harga hidup third world country upah minimum kena punish patok harga jauh lebih tinggi banding negara negara,Netral
benar pajak negara koruptor enggak ngotak iphone reguler pajak hampir juta seri atas pro pajak hampir juta mau enggak mau pro deh,Negatif
ijin tanya pro khusus esim only berapa esim aktif,Positif
out of topics baju beli,Positif
harga segitu enggak masuk akal,Positif
stay pm ah gua,Negatif
dih mahal padahal apple enggak naikin harga base model walaupun gb,Positif
pro max luar biasa hampir juta naik,Positif
okeini putus fix gwgood bye samsung galaxy a juta gue pindah iphone pro max kapasitas tb juta,Positif
simpul sederhana teknologi apple revolusioner dulu steve jobs tinggal desain apple revolusioner dulu jonathan paul ive resign sekarang jadi konsultan open ai material apple sekarang ringkih tim cook pakai material murah sulap kualitas sama mahal sulap habis biaya besar rd dapat besar laba bersih kecil kandidat ceo masa depan apple john nus ahli hardware mungkin jadi ceo kualitas hardware apple bagus mungkin harga lebih mahal milik mampu efisiensi bagus tim cook soc apple hemat daya struktur soc lebih banyak ecore efisien pcore performance ecore ini hemat daya buat lebih adem makin banyak pcore makin rakus daya baterai buat panas,Positif
iphone air harga langit kualitas mobil smk sungguh serakah apple tim cook enggak masak minim inovasi rakus,Negatif
kok enggak banding harga sama base pro promax jadi bayang berapa overpriced jangan fitur banyak bahas,Positif
harap kampung halaman lebih murah banding beli luarpajak mending gue beli luar,Positif
gua mau beli sama pro max letsgooo,Netral
iphone kali aing sekarat wkwkwk niat mau ganti base model kaya gajadi wkwkwkw moga panjang umur iphone kali aing,Positif
harga fix,Positif
iphone pakai adaptor vivo orisinal aman enggak,Positif
iphone boba memang enggak pernah laku iphone e enggak pernah cerita jumlah boba sangat penting pakai iphone,Positif
tunggu iphone base model harga jtn dulu buat ganti iphonepro,Positif
benar harga base model juta enggak usah beli gaess tahan dulu lu hyper iphone,Positif
ira cuma bumn monopoli harga nyata distributor swasta ikutaan wkwk,Negatif
ppm best model semua model adadari build quality baik minggu lalu beli seri pro baru unboxing muncul baret bagi frame kamera baru hari pakai langsung tak jual panas atas cuma bela ajapanas rasa mirip varian ppm series,Negatif
enggak minat harga mahal enggak ngotak fitur basi gua tahan pro desert titanium gua warna lebih mewah lebih kuat,Negatif
banget clicbait,Positif
jangan beli dulu turun,Negatif
pakai adaptor orisinal vivo aman enggak,Positif
okto ibox kelapa gading iphone lum adakatana lum masuk,Negatif
mending pro sekarang ditiktok hrg juta,Positif
harga resmi apple buat iphone gb tetap sama buat iphone gb kurang ajar pajak indonya apple balas dendam sama indonesia kemarin diribetin,Negatif
pinjol makin gila,Positif
fix kagak jadi beli base model harga juta an oke lah,Positif
tahan air gaspol pro max mau gue bawa hujan ngojol,Positif
sesuai butuh beli beli buat kerja enggak mau ribet pinginnya sat set smooth yaps unggul apple forma paten soal design nomor sekian main game paling game ringan,Negatif
benar juta enggak masuk akal,Positif
mending pro base,Positif
kena tarif trump harga indonesia,Negatif
iphone base model mending pro baru stok banyak rilis harga baru pro tara base,Positif
buseettt mahal benar padahal tahan buat pro kemarin mau ambil pro lah over price mnrtku,Positif
enggak lihat produk baru iphoneawal mula lihat aneh enggak tarik enggak mau belitapi makin lama banding balik jadi tarik suka pengin milik,Negatif
mending cicil mobil jelas,Positif
iphone base model starting from juta firaun lu,Positif
kok ifixied rekomen buat ganti batre,Positif
mark uppppp gila indonesia gila,Positif
anying enggak masuk akal base model juta,Positif
enggak worth,Netral
benar sgini harga batal deh ambil series mending series lah,Negatif
enggak dulu deh titanium aluminium harga mahal banget banding seri sebelumya,Positif
reviewer luar mending iphone polos koh,Negatif
minus tinggal palagi apel ipong enggak mau pabrik rakit,Negatif
ginjalllllllllllllllll,Netral
hadir terus kak telat,Negatif
iphone base model juta kayak harga pro titanium,Netral
hotel fulll,Positif
spill kaos dong kak beli,Negatif
moga numpuk gudang,Negatif
mending pro jutan,Positif
ribeut punya duit suka beli dang mending mah beli sama a series,Positif
iphone harga elit batre sulit,Positif
gila memang lawak benar,Positif
fix koh best model juta bajet cuma juta soal,Negatif
iphone air e pakai skin elite kaya bakal susah laku cuma andal desain tipis fitur pangkas nasib bakal kayak edge kok harga naik jauh padahal usd sama margin digedein hype,Negatif
enggak tarik mahal viral pakai konpers,Netral
kemarin beli iphone basic turun harga sekarang jadi ken beli pro kira beda sama pro max apa,Positif
wah bukan wkkw,Negatif
enggak jadi beli base model harga batas masuk akal kalau atas enggak pakai sense,Negatif
malaysia iphone harga juta indonedia juta malaysia penjualanya lansung apple store indonesia penjualanya lalu importir reseller pajak tinggi buat harga jadi tambah mahal entah perintah indonesia cuma pikir tkdn dampak apa sama konsumen bayar pajak besar perintah wajib apple diri apple stote servis senter indonesia padahal iphone jual resmi guna produk apple cukup banyak indonesia kalau barang resmi rasa inter klaim garansi susah beli part susah,Negatif
dajjal memang distributor konoha naik enggak kirakira,Positif
jadi unggul iphone air apa,Negatif
gila harga malaysia enggak segitu wah wah,Positif
benar bangmahal semua stay iphone plus padahal taksir banget iphone base model,Positif
gajadi deh ira start juta kayak dulu,Negatif
btw harga iphone sengaja naikin reseller official indonesia harga enggak jauh seri,Positif
jetong,Netral
btw harga iphone series indonesia goreng habis habis masa base juta promax juta,Positif
nasib sama nokia blackberry,Positif
gapaham sama orang suka sama iphone air,Negatif
iphone jadul kok mahal heran p fungsi cuba dah,Negatif
jujur jujur awal gue pas lihat cosmic orange aduh kok kaya enggak lihat mahal enggak mewah norak gara lewat beranda mulu lihat jadi keren mau murtad android,Positif
padahal pajak mahal,Negatif
gue minimal misal punya adapter atas gue bagaimana,Negatif
stay pro paling optimal buat potret daily,Positif
buset naik juta sendiri gila memang indonesia,Positif
buat kalian mau upgrade iphone pm pm pikir deh rumor benar adek gue upgrade baru hari pakai lecet sana sini padahal makenya daily ngantor kwkwk pengin balik malah iphone pm wkwk gue iseng coba uji game sama ngerekam waktu event malam hari ber ac panas sama aja baterai better sama tajam kamera but sayang banget gue keluarga bukan kreator sok tahan ekosistem wkwkw series worth buy tahun cuman biasa stok dikosongin kalian beli series baru,Negatif
pro naik harga banyak isu build quality pro gampang coak,Positif
bingung stay pro up pro,Netral
negara umr rendah dunia pajak tinggi dunia fuck lah,Negatif
ingat gaes bukan iphone makin mahal nilai tukar rupiah busuk,Negatif
bosan hp,Netral
hahh mahal banget base model juta meanwhile lihat malaysia jatuh harga juta,Positif
airpods pro tanggal po tanggal ready harga berapa kak,Negatif
apa mahal banget pm padahal harga lauching sama kayak iphone dahulu,Negatif
sabar tunggu turun harga lama turun kok harga,Positif
spill set up homescreen widget keren,Netral
hahahha tetap iphone indonesia paling mahal se galaxy bima sakti dulu malaysia juta lebih dikit seri pro gb indonesia juta walapun dulu malaysia apple store tetap harga lebih mahal indonesia pajak gara gara pajak,Negatif
mantap pm enggak tarik sama sekali upgrade pm,Negatif
harga segitu cuma basic,Negatif
bingung mau pura pro,Positif
base,Netral
gue tepat buat ambil pro guys stok habis asli hands on jauh lebih premium pro,Negatif
kok harga iphone aplikasi ibox tiba tiba jadi naik,Netral
worth mana kok iphone basic ippro,Netral
anying juta juta buat base model tara beli vivo samsung lipet,Positif
kobisa minta link tempat beli case pm kok paket skrng,Netral
gara nilai tukar lemah harga jadi lambung,Positif
iphone pm,Netral
prediksi abal gue kayak iphone series enggak selaku seri belum harga terlalu mahal kualitas agaj kurang harga,Negatif
edan iphone biasa harga rp juta us cuma alias rp juta selisih hampir juta sana negara maju dapat gede kasih murah kayak bumi langit asa peras pajak laba begini,Negatif
sage keep,Netral
kok aku lebih pengin pro max yah hhhmm andai buat china kayak aku usaha nabung buat pro max sorry kalau beda dapat ya,Negatif
promax otw,Netral
